b4aabea9-1589-4099-b926-b6f818ae7717,Emmott,male,13/06/1936,tcubbinelli0@gnu.org,272-809-0981,57 Autumn Leaf Pass,http://dummyimage.com/671x570.png/cc0000/ffffff,0,0,User
33e36ca6-09c5-4300-a55a-91b2ca14b9b5,Evered,female,26/07/1992,ksmoote1@feedburner.com,298-866-1796,13961 Lunder Parkway,http://dummyimage.com/514x526.png/ff4444/ffffff,0,0,User
66e14dbd-9bc1-40e4-8402-cd903fdbbe77,Loella,female,3-07-14,ipurser2@sakura.ne.jp,510-112-7957,286 Morrow Trail,http://dummyimage.com/721x552.png/ff4444/ffffff,0,0,User
d5e71168-f41a-4329-858d-afaf56d2c71b,Iona,female,7-05-94,smilner3@usgs.gov,804-380-8253,48 Graceland Center,http://dummyimage.com/589x502.png/dddddd/000000,0,0,User
e76a03f8-c12d-42e3-956c-e0a850012c89,Erinn,male,1-01-75,gthick4@gmpg.org,139-378-1577,5353 Florence Court,http://dummyimage.com/723x531.png/5fa2dd/ffffff,0,0,User
9f8761f5-982f-496e-a343-a326b69021f8,Shelden,male,21/04/2012,gdurnin5@sciencedaily.com,865-523-4159,5 Oak Valley Circle,http://dummyimage.com/777x710.png/cc0000/ffffff,0,0,User
9eaa8454-8b9f-4206-8eb2-b6ed61fab4c4,Kevyn,male,20/01/1924,ewakerley6@ovh.net,610-450-7417,928 Parkside Parkway,http://dummyimage.com/791x656.png/ff4444/ffffff,0,0,User
52dcbb64-9ec1-4710-af46-d098a76724be,Adams,male,10-04-00,wpo7@hud.gov,102-203-3573,5 Elgar Crossing,http://dummyimage.com/508x598.png/cc0000/ffffff,0,0,User
09ceebf9-797a-4827-a9b6-94a1edab7235,Ursuline,male,7-05-58,maxcel8@fotki.com,733-386-0783,1 Charing Cross Drive,http://dummyimage.com/661x668.png/dddddd/000000,0,0,User
ffa66877-4e92-49d4-b1bb-decfb29f7560,Rene,male,21/04/1918,iwilmut9@ebay.co.uk,736-525-5738,63 Superior Plaza,http://dummyimage.com/737x778.png/ff4444/ffffff,0,0,User
d80c0655-b4dc-45a7-a1a0-63e478afd7dc,Hermon,male,6-08-93,akrebera@rambler.ru,119-351-1411,8 Nelson Court,http://dummyimage.com/621x618.png/cc0000/ffffff,0,0,User
3289c9ed-907a-47b8-8162-ed37237a17b1,Cornall,female,5-01-88,rhackerb@bloomberg.com,483-784-8628,74409 Morningstar Court,http://dummyimage.com/655x674.png/dddddd/000000,0,0,User
106fecaa-13a8-419b-bab4-8cd8508b822b,Basia,female,1-06-62,sduellc@tuttocitta.it,890-540-8338,089 Old Gate Junction,http://dummyimage.com/767x533.png/cc0000/ffffff,0,0,User
d3a4661f-9553-482d-a131-a601f214fecc,Kennedy,male,11-06-66,lfurmongerd@ifeng.com,765-427-0648,6 Doe Crossing Court,http://dummyimage.com/717x541.png/ff4444/ffffff,0,0,User
d319fcf6-115d-457c-b5b1-c12fe9bc90a5,Benedetto,male,16/04/1946,apevreale@sakura.ne.jp,349-320-4031,966 West Alley,http://dummyimage.com/511x682.png/5fa2dd/ffffff,0,0,User
0a098988-d52a-4b03-b519-d2b466fce09c,Deane,female,1-12-02,epaleyf@issuu.com,949-758-2041,91445 Westport Road,http://dummyimage.com/750x661.png/5fa2dd/ffffff,0,0,User
513c4a9a-9159-4641-9067-87eb300ae5b3,Alfi,female,19/07/1924,flashbrookg@boston.com,416-179-4057,4274 Golf Course Circle,http://dummyimage.com/636x703.png/ff4444/ffffff,0,0,User
cfb0cb6d-97cc-4cea-ba60-f438c7fac714,Udell,male,21/09/2000,tkobkeh@independent.co.uk,165-754-0202,59 Carioca Junction,http://dummyimage.com/675x767.png/cc0000/ffffff,0,0,User
4c982598-2a93-407f-8f48-e63ec2f15fc4,April,male,3-12-15,klineeni@msu.edu,611-687-8972,00 Ramsey Hill,http://dummyimage.com/799x728.png/dddddd/000000,0,0,User
8ad41442-0334-4d46-b1ea-548ed71dc9cf,Gipsy,male,1-09-23,aandressj@blogtalkradio.com,530-594-1349,9 Briar Crest Circle,http://dummyimage.com/528x561.png/ff4444/ffffff,0,0,User
82a978e3-a08c-4a96-b4e2-61ba2d909732,Berget,male,26/03/1947,ehowarthk@posterous.com,481-138-9692,1 Carioca Center,http://dummyimage.com/517x790.png/5fa2dd/ffffff,0,0,User
36e128cf-ed72-4e16-8525-bb0bebed0cc6,Gherardo,female,29/01/2006,greardenl@wiley.com,323-143-6423,5 Buena Vista Junction,http://dummyimage.com/549x668.png/cc0000/ffffff,0,0,User
5fad23f3-201f-4ec0-9ef7-712b8cb4b103,Sandi,male,17/12/1928,ohailesm@addthis.com,171-571-6154,1603 West Parkway,http://dummyimage.com/506x734.png/dddddd/000000,0,0,User
b82a9442-19a9-4cb1-8942-65a6cea80ed5,Pieter,female,7-10-06,cshaptern@paypal.com,282-561-8501,8 Everett Place,http://dummyimage.com/702x641.png/cc0000/ffffff,0,0,User
aa412022-e213-4a79-b14a-d664a3a6e3b2,Coleman,female,22/12/1963,ogreenhouseo@merriam-webster.com,789-822-7901,7997 Fairfield Crossing,http://dummyimage.com/756x541.png/ff4444/ffffff,0,0,User
5528eda6-912b-44c1-9b33-cdc6a6a7e5e9,Tom,female,14/08/1964,jtheussp@icio.us,172-712-4363,9720 Columbus Parkway,http://dummyimage.com/643x768.png/5fa2dd/ffffff,0,0,User
3b8713e9-e288-441c-8b35-e7436e0ea278,Trent,male,11-11-09,bdaltryq@yellowbook.com,179-604-1893,3 Sheridan Court,http://dummyimage.com/759x533.png/cc0000/ffffff,0,0,User
da35a143-f6ca-4891-b3c6-114a09818c18,Alfy,male,27/05/1961,bpendryr@youtu.be,479-238-8264,10905 Leroy Drive,http://dummyimage.com/703x642.png/ff4444/ffffff,0,0,User
0d0ef528-3efb-4c84-af7b-5e5143bb1786,Petronella,male,24/02/1996,bodriscolls@stumbleupon.com,596-622-4116,21442 Havey Park,http://dummyimage.com/731x600.png/cc0000/ffffff,0,0,User
b7098237-3a89-4cc1-97fc-2e0c6bbd09cf,Cirilo,male,11-11-09,sitzcovicht@archive.org,964-887-7305,0615 Rusk Place,http://dummyimage.com/562x629.png/cc0000/ffffff,0,0,User
c8ff1d3c-5a0a-4b0d-9927-656fee95696b,Andrej,female,23/05/1919,ddemeridau@posterous.com,855-390-4103,4 Columbus Street,http://dummyimage.com/709x527.png/cc0000/ffffff,0,0,User
e4190b1f-9c82-4ec4-9091-b3fea16ced6a,Tamma,male,24/08/2004,mdevillierv@time.com,852-503-0265,7 Armistice Parkway,http://dummyimage.com/500x686.png/dddddd/000000,0,0,User
9f185bb2-dc65-48ea-8686-eb9f5bf125e5,Emyle,female,27/02/1965,rdurrantw@deliciousdays.com,190-734-7367,73 Mcbride Terrace,http://dummyimage.com/507x559.png/cc0000/ffffff,0,0,User
0b7c422d-d4bc-4866-86a0-786aa9434ad0,Zaccaria,male,26/12/2005,mcolesx@ihg.com,569-306-6232,12910 Eagle Crest Trail,http://dummyimage.com/755x772.png/5fa2dd/ffffff,0,0,User
277ab086-c0be-4183-bed1-31c766c8917c,Holly-anne,female,29/09/1943,sdeardeny@ocn.ne.jp,928-362-8690,886 Park Meadow Lane,http://dummyimage.com/709x650.png/5fa2dd/ffffff,0,0,User
a13404f6-e146-4d27-88a4-e65970697c6d,Hyacinthe,female,10-03-00,lemanuelovz@va.gov,298-932-9695,842 Sundown Point,http://dummyimage.com/609x786.png/ff4444/ffffff,0,0,User
c086738e-3e08-440b-9401-98588e7a84dd,Prentice,female,2-10-19,fsingleton10@sakura.ne.jp,822-180-5230,68225 Birchwood Junction,http://dummyimage.com/607x531.png/cc0000/ffffff,0,0,User
c14e53a3-eb93-4a22-a551-acbff6b81419,Keefe,male,6-09-80,bohone11@bigcartel.com,951-825-0529,525 Northport Center,http://dummyimage.com/664x800.png/dddddd/000000,0,0,User
100a2e77-4cbc-4afb-b3da-78a55c81e953,Giles,female,28/07/1980,korpen12@webs.com,582-506-1096,279 Tennyson Drive,http://dummyimage.com/532x746.png/ff4444/ffffff,0,0,User
b1ae4e9b-9647-4a96-9b6e-96e05f04580b,Deeanne,female,24/03/1987,aliff13@odnoklassniki.ru,872-682-7764,92 Mitchell Road,http://dummyimage.com/699x718.png/5fa2dd/ffffff,0,0,User
2c3ad5e3-8951-4687-8822-ab0f3b049d19,Alie,male,1-10-19,promaynes14@shutterfly.com,482-950-1090,5909 Gina Point,http://dummyimage.com/751x703.png/5fa2dd/ffffff,0,0,User
96c9cd8e-cffe-49ab-a15a-771c98d10b65,Nicolis,female,23/12/1967,fbeades15@businesswire.com,418-717-2303,60 Everett Hill,http://dummyimage.com/797x723.png/5fa2dd/ffffff,0,0,User
1eea8b3b-7812-45ef-b11d-d1d8d920b606,Hugues,female,18/12/1989,glymer16@marketwatch.com,645-551-1095,80 Elka Lane,http://dummyimage.com/742x522.png/dddddd/000000,0,0,User
ce77181b-d4cb-4f04-a3d8-3f46ceb6dad6,Woody,male,9-08-28,ekmicicki17@marketwatch.com,762-612-3085,0120 Scott Circle,http://dummyimage.com/800x622.png/ff4444/ffffff,0,0,User
06086820-1b45-4795-8a8f-6069a8db88f0,Helli,female,5-01-09,dskiplorne18@un.org,900-181-4851,220 Daystar Drive,http://dummyimage.com/680x501.png/ff4444/ffffff,0,0,User
35bc1047-97b8-47d9-bd4d-0202d2a296cd,Ernest,female,15/04/2007,pbeneyto19@myspace.com,734-972-0112,07257 Vidon Trail,http://dummyimage.com/567x711.png/ff4444/ffffff,0,0,User
338a4df0-de1b-4af9-983c-624c8c93af1b,Ezra,female,28/07/1964,sortes1a@gravatar.com,831-282-5232,0 Fairview Road,http://dummyimage.com/793x555.png/cc0000/ffffff,0,0,User
a7f5331d-4f57-452f-a459-9d641c140ea8,Bernhard,female,15/08/2020,njenkerson1b@mtv.com,231-128-7053,6082 Burrows Hill,http://dummyimage.com/766x799.png/cc0000/ffffff,0,0,User
c7296aa8-178f-4815-8696-8d4f508bc6f6,Faythe,male,16/03/1929,srohloff1c@wiley.com,855-613-7699,0927 Surrey Center,http://dummyimage.com/630x678.png/cc0000/ffffff,0,0,User
24bc9dbb-3e42-42a4-bbe4-d3ca846a4464,Tobie,male,18/02/1972,kkomorowski1d@scientificamerican.com,784-752-5052,93 Beilfuss Plaza,http://dummyimage.com/576x780.png/ff4444/ffffff,0,0,User
f786eec6-2fd1-4724-b9de-c9249efa6b71,Lorrie,female,14/11/2020,tgrigorini1e@uol.com.br,431-425-5987,29 Talisman Street,http://dummyimage.com/571x783.png/ff4444/ffffff,0,0,User
7cd0ce88-8941-4a44-9b85-d70751a1057a,Aldous,female,3-04-04,kgasquoine1f@smh.com.au,981-841-9553,26107 Fordem Pass,http://dummyimage.com/574x709.png/ff4444/ffffff,0,0,User
cfdb6427-34ff-4a9e-b4a2-65d8b066d08a,Stanton,male,17/01/2004,bmorad1g@patch.com,109-803-0772,3181 Paget Hill,http://dummyimage.com/800x695.png/5fa2dd/ffffff,0,0,User
60edbf30-70a0-4274-839a-94efc6b4bb3a,Rollie,female,31/10/1975,rlavelle1h@deviantart.com,941-684-1792,866 Evergreen Plaza,http://dummyimage.com/551x624.png/5fa2dd/ffffff,0,0,User
afff60f6-2350-4b6a-909d-a0328db783e3,Starr,female,3-04-73,ppiper1i@mashable.com,652-860-5773,787 Mallard Alley,http://dummyimage.com/542x515.png/cc0000/ffffff,0,0,User
fe920567-9eee-468a-b405-98bf73b49d95,Rurik,female,26/03/1935,cdabernott1j@theguardian.com,911-898-1064,206 Surrey Road,http://dummyimage.com/614x508.png/dddddd/000000,0,0,User
970603c2-8a3a-4d46-9bd7-7d762c681efb,Jeffie,female,13/01/1926,ewhiteley1k@boston.com,803-390-6409,029 Scott Plaza,http://dummyimage.com/672x610.png/cc0000/ffffff,0,0,User
965ca71c-d3cd-421f-bfc8-d3994c43d585,Joaquin,female,16/06/2015,kbreakwell1l@newyorker.com,579-475-8838,375 Continental Trail,http://dummyimage.com/593x782.png/5fa2dd/ffffff,0,0,User
28cb6a8a-1589-4a54-b46b-f3dea56641b1,Simonne,male,26/07/1902,dnoar1m@cornell.edu,558-503-7043,096 Nancy Hill,http://dummyimage.com/529x612.png/5fa2dd/ffffff,0,0,User
63e35836-b8b4-40b2-88da-8027e2ae1161,Hube,female,16/03/1906,jmacelane1n@unc.edu,271-225-0501,5766 Jana Crossing,http://dummyimage.com/705x710.png/cc0000/ffffff,0,0,User
6156f8ef-3781-4bc4-a41c-1691d8bdff59,Harman,male,16/09/2017,gbranford1o@vistaprint.com,170-790-2964,3850 Goodland Parkway,http://dummyimage.com/584x541.png/ff4444/ffffff,0,0,User
08817f04-e49b-4cec-a5cc-94f3ab94e37f,Janos,female,26/07/1940,ftraske1p@php.net,655-829-2354,99049 Haas Way,http://dummyimage.com/799x518.png/cc0000/ffffff,0,0,User
8ff8c15e-cbd3-4c9a-83c6-697dcee699b4,Wyatt,male,15/08/1938,iidle1q@bloglovin.com,453-724-3019,9 Atwood Way,http://dummyimage.com/528x744.png/cc0000/ffffff,0,0,User
9a493f39-be0c-471d-b5f5-3e18d78e4562,Cornela,male,11-07-15,bdwyr1r@elpais.com,158-680-2931,88098 Michigan Alley,http://dummyimage.com/620x646.png/ff4444/ffffff,0,0,User
df926c2d-4596-412c-b064-3588e096f5f8,Zandra,female,24/01/1929,nnevett1s@accuweather.com,734-951-2322,225 Del Sol Road,http://dummyimage.com/754x681.png/cc0000/ffffff,0,0,User
0ba632c7-d818-487e-9e26-d9cb343c7944,Kaia,female,27/08/1936,aschwand1t@drupal.org,477-975-9232,807 Eggendart Lane,http://dummyimage.com/716x521.png/5fa2dd/ffffff,0,0,User
1997eb30-74ca-440c-bae1-337c8509fdf0,Rudolf,male,11-01-88,cgatty1u@nature.com,444-167-6791,582 Oak Valley Park,http://dummyimage.com/800x669.png/5fa2dd/ffffff,0,0,User
50e10942-af94-451f-bbb4-774538852d2e,Gayel,female,11-03-32,ielham1v@indiegogo.com,998-226-2181,98537 Starling Alley,http://dummyimage.com/572x687.png/ff4444/ffffff,0,0,User
d8aa234a-8866-459a-b173-63ab52ed4cd3,Frederica,male,28/10/1959,darpin1w@google.ca,171-625-2092,8758 Crowley Crossing,http://dummyimage.com/592x675.png/cc0000/ffffff,0,0,User
28556cf9-c96f-4878-9403-b62d9a042b20,Ludovico,male,1-05-06,bkornyakov1x@dot.gov,283-699-7677,33089 Milwaukee Point,http://dummyimage.com/612x763.png/cc0000/ffffff,0,0,User
f2d659fc-5991-4627-966e-7f7a39779ed0,Jerome,male,29/10/1938,ccasley1y@reuters.com,863-990-9407,48 Prairie Rose Crossing,http://dummyimage.com/560x787.png/5fa2dd/ffffff,0,0,User
7533bea9-6ccc-4678-920d-3ac5dd64b707,Randene,male,4-03-77,ssatyford1z@vinaora.com,188-631-2597,9 Debra Road,http://dummyimage.com/768x669.png/cc0000/ffffff,0,0,User
37ae4a9e-0ae0-44ed-a25b-dd6991a4826d,Morty,female,20/02/1949,acherry20@phoca.cz,973-728-3455,73035 Fisk Pass,http://dummyimage.com/613x689.png/5fa2dd/ffffff,0,0,User
8e5b8c94-8b07-4084-a1e3-292b2fac78a3,Truman,female,13/01/1976,cobrogan21@cbsnews.com,756-784-6952,15 Annamark Park,http://dummyimage.com/731x733.png/5fa2dd/ffffff,0,0,User
117d7845-f73a-4393-8996-4067d1a19b27,Brittne,male,14/10/2011,jhutcheon22@alexa.com,729-357-7755,2 Stone Corner Road,http://dummyimage.com/685x692.png/5fa2dd/ffffff,0,0,User
5acb919b-1199-4c56-816b-93d6af28c0ed,Rosco,female,10-08-03,cmilvarnie23@boston.com,704-263-8217,83 Chinook Center,http://dummyimage.com/697x507.png/cc0000/ffffff,0,0,User
5cca865a-fca5-449f-96d2-b2d809dcf8c7,Katina,female,28/03/1906,laulds24@webeden.co.uk,370-184-2415,2305 Michigan Lane,http://dummyimage.com/699x649.png/dddddd/000000,0,0,User
b776fbdd-0db1-465d-854b-42803f818220,Randene,male,14/01/1914,alassell25@csmonitor.com,697-122-4930,5037 Elgar Way,http://dummyimage.com/720x596.png/dddddd/000000,0,0,User
fb314875-5b6c-409d-a23c-d48234b64e69,Jaynell,female,6-02-57,omethingam26@statcounter.com,631-249-7163,92950 Swallow Lane,http://dummyimage.com/786x618.png/dddddd/000000,0,0,User
ffefb65e-d88f-476c-85f2-6cda89be5eb5,Dante,female,21/03/1934,ssanzio27@washingtonpost.com,741-497-0155,10569 Green Ridge Circle,http://dummyimage.com/651x748.png/dddddd/000000,0,0,User
93052d89-0b36-4633-8859-a7e8fa834e4c,Ogdon,female,9-09-36,eandrini28@typepad.com,934-957-6522,26 Lerdahl Trail,http://dummyimage.com/532x733.png/5fa2dd/ffffff,0,0,User
8a0b4fb8-b305-407c-885c-43d96d20b57d,Hillier,male,13/08/2011,spinniger29@ebay.co.uk,485-520-1233,93 Stuart Lane,http://dummyimage.com/563x550.png/5fa2dd/ffffff,0,0,User
acf6724b-0f95-4299-a5e3-64b772376ffa,Eldin,male,14/10/1904,ccornhill2a@wordpress.com,386-746-1418,5630 Bluestem Terrace,http://dummyimage.com/580x525.png/ff4444/ffffff,0,0,User
d784cef2-d32f-4f08-a5d7-0a0ab8bf12af,Austin,female,3-10-07,dhalley2b@biglobe.ne.jp,816-278-1013,22 Sunnyside Place,http://dummyimage.com/621x575.png/cc0000/ffffff,0,0,User
eb2bf2ce-774a-4890-9238-5303a632310c,Boigie,male,2-10-09,fcussons2c@wordpress.org,796-183-7190,6 Debs Center,http://dummyimage.com/565x664.png/5fa2dd/ffffff,0,0,User
0756bf6c-cde7-420b-a0b9-c99485298957,Kala,male,25/03/1927,ajerrems2d@last.fm,443-259-8899,1 Walton Way,http://dummyimage.com/563x527.png/ff4444/ffffff,0,0,User
52735922-03fd-4727-a002-03524a514898,Doroteya,female,9-03-57,rbloxham2e@mapy.cz,838-503-8058,4 Maywood Court,http://dummyimage.com/606x594.png/cc0000/ffffff,0,0,User
3ccd5441-37d7-4b57-a119-0b8286232ab0,Verine,female,19/09/1905,oroby2f@bravesites.com,451-795-2278,94616 Thompson Circle,http://dummyimage.com/686x603.png/ff4444/ffffff,0,0,User
26bd4064-e362-4249-b754-462d8c1c8c69,Jamey,female,22/06/1991,mskains2g@blog.com,700-808-6684,3155 Kennedy Hill,http://dummyimage.com/579x704.png/ff4444/ffffff,0,0,User
1ef0beea-b5b3-42fb-8255-fbd62877af43,Mireille,female,3-04-68,jbolgar2h@myspace.com,189-739-1310,19 Dexter Place,http://dummyimage.com/771x572.png/5fa2dd/ffffff,0,0,User
a138701e-0049-4a6e-9808-d07e7c679e5c,Andris,female,25/01/1944,iyoxen2i@omniture.com,857-794-6031,3 Buell Crossing,http://dummyimage.com/779x581.png/cc0000/ffffff,0,0,User
e97ff8cc-3fb8-481e-964f-f2eca6740689,Reinhold,female,30/04/1996,ajackalin2j@economist.com,295-319-5126,5683 Forster Trail,http://dummyimage.com/737x766.png/ff4444/ffffff,0,0,User
63ede154-3323-45b6-a941-42423c120bb7,Colene,male,8-04-42,lgussie2k@360.cn,728-351-9639,838 Northfield Alley,http://dummyimage.com/719x526.png/dddddd/000000,0,0,User
5383a58d-c4d1-4863-8b27-33ef495e7a0b,Flinn,female,12-09-36,pcuttler2l@e-recht24.de,466-655-5238,970 Maywood Avenue,http://dummyimage.com/570x717.png/5fa2dd/ffffff,0,0,User
69608346-6276-4d1d-a5fa-e24ba55ba262,Esther,female,20/08/1929,socarran2m@jiathis.com,329-232-6298,5620 Bartelt Road,http://dummyimage.com/683x697.png/dddddd/000000,0,0,User
7123b9d0-3a43-4f60-9dbf-c10d1d5c091a,Ashely,female,10-11-11,dsoggee2n@ehow.com,122-808-8270,4281 Thompson Plaza,http://dummyimage.com/692x534.png/cc0000/ffffff,0,0,User
848e978a-4a57-4675-b026-f3d1f4e14d88,Rosalinda,male,21/11/1995,woteague2o@topsy.com,402-342-5982,44248 Westport Pass,http://dummyimage.com/590x623.png/5fa2dd/ffffff,0,0,User
307a1ba9-ed4a-435a-a3be-693ae729ccd8,Seumas,male,26/08/1989,bwatts2p@theatlantic.com,948-717-0437,78252 5th Terrace,http://dummyimage.com/702x786.png/cc0000/ffffff,0,0,User
c8166e2c-e315-46fd-9e20-e2fb62603171,Berni,male,4-11-32,rgrimwood2q@xinhuanet.com,458-292-5175,39347 Canary Plaza,http://dummyimage.com/689x509.png/cc0000/ffffff,0,0,User
fc0a4667-42f8-4be1-ae2d-ff6463f2d311,Vivyan,male,26/06/1959,jcuss2r@infoseek.co.jp,346-569-1356,3587 Washington Lane,http://dummyimage.com/536x567.png/cc0000/ffffff,0,0,User
cae83b5a-2e7d-4999-8e71-09ba55f58135,Terrie,male,6-04-54,cmattack2s@google.co.uk,145-539-4022,31 Lighthouse Bay Street,http://dummyimage.com/788x551.png/ff4444/ffffff,0,0,User
7c1ab448-6def-4a95-80fc-2e57028f2bd9,Julio,female,30/10/1986,hhelix2t@feedburner.com,403-428-4047,5 Barby Avenue,http://dummyimage.com/646x548.png/cc0000/ffffff,0,0,User
cc920e9c-f99b-4be4-952e-992eaf8ae705,Gery,male,10-01-96,bantrum2u@sogou.com,539-647-6328,134 Eggendart Alley,http://dummyimage.com/504x699.png/dddddd/000000,0,0,User
31583423-4a6e-406f-8b8d-13f2d58d537b,Faith,female,24/04/2021,alucian2v@163.com,847-265-3228,033 Havey Trail,http://dummyimage.com/755x582.png/5fa2dd/ffffff,0,0,User
a9d97fe3-020a-49a8-ac5d-5f628ebcf043,Joice,male,14/11/1943,vshemming2w@shareasale.com,689-124-6429,2 Mitchell Drive,http://dummyimage.com/635x554.png/ff4444/ffffff,0,0,User
2e2e001a-7302-486d-8662-1b9c81fbfafd,Alis,female,9-05-98,ewoodley2x@disqus.com,676-120-3467,12 Merrick Center,http://dummyimage.com/770x721.png/ff4444/ffffff,0,0,User
e33c7c0e-fb78-4151-bbac-80fe1932f20b,Dierdre,female,19/05/1925,hpiggot2y@infoseek.co.jp,931-824-7236,856 Esch Road,http://dummyimage.com/608x708.png/ff4444/ffffff,0,0,User
e845a68d-f29c-49f7-9549-3a22ea1556dc,Ynez,male,20/11/1949,pblethin2z@shinystat.com,586-634-2100,1 Southridge Park,http://dummyimage.com/629x652.png/cc0000/ffffff,0,0,User
e56887be-5b00-4da9-be0f-b03fcf35a7f1,Anneliese,female,1-06-44,smerritt30@yahoo.co.jp,795-466-6583,97246 Vera Place,http://dummyimage.com/642x588.png/dddddd/000000,0,0,User
d1f08b21-afdf-43e6-837e-7f8387ffb139,Boone,female,1-01-08,eskakunas31@facebook.com,459-597-8558,12180 Muir Crossing,http://dummyimage.com/744x555.png/5fa2dd/ffffff,0,0,User
2d473afa-c484-4af4-8df8-c90c89d17acc,Ruthe,female,1-09-54,rtorvey32@wordpress.com,284-651-3088,8 Prairie Rose Center,http://dummyimage.com/765x624.png/dddddd/000000,0,0,User
2e5d0010-2c89-4a7a-861f-754710965134,Amye,male,12-03-43,rosichev33@ustream.tv,737-365-1008,5745 Crownhardt Place,http://dummyimage.com/676x776.png/5fa2dd/ffffff,0,0,User
304eebd6-e9e1-4b10-b796-c75c8e67ccbe,Shelli,male,17/03/1914,amacconnel34@nymag.com,954-452-7026,08316 Holmberg Trail,http://dummyimage.com/697x527.png/dddddd/000000,0,0,User
2754b2a0-0c36-4879-a201-d94bc909e077,Melicent,male,2-05-11,abonnesen35@unicef.org,371-358-8800,53 Warrior Lane,http://dummyimage.com/650x501.png/5fa2dd/ffffff,0,0,User
59c78092-36fd-4e10-b1ce-2dbe53c92407,Isidor,female,31/08/1910,vbruce36@g.co,215-165-6095,77765 Clove Hill,http://dummyimage.com/786x612.png/dddddd/000000,0,0,User
619456e9-4ab7-4814-a759-85058241cd0f,Brendin,male,2-08-04,bcouth37@cbslocal.com,977-161-9476,120 Tennyson Hill,http://dummyimage.com/748x786.png/ff4444/ffffff,0,0,User
d4bf02f4-28b4-49cb-a466-32a41836649c,Keir,female,16/10/1955,cbarnaclough38@twitter.com,456-252-4373,619 Hudson Place,http://dummyimage.com/592x715.png/cc0000/ffffff,0,0,User
274d9867-40d9-4f54-9eaf-ec05b32ea3fe,Tessa,female,23/10/1995,rromain39@ning.com,380-361-9764,0111 Pleasure Center,http://dummyimage.com/524x736.png/ff4444/ffffff,0,0,User
e98a1c93-e5d2-4b3c-b778-e93f9014c357,Maure,male,4-02-21,krizzone3a@wiley.com,850-899-2461,768 Kropf Lane,http://dummyimage.com/723x713.png/5fa2dd/ffffff,0,0,User
4f0387f9-b0f6-4477-a4f3-26d8b0c31e28,Susan,male,30/07/1987,bjolliffe3b@vinaora.com,745-791-9504,2 Sycamore Junction,http://dummyimage.com/715x700.png/dddddd/000000,0,0,User
d210628e-ca0e-4d66-8a4f-82e00424e425,Welsh,female,1-10-80,ngatchel3c@ted.com,203-110-6007,5546 Jana Parkway,http://dummyimage.com/724x643.png/5fa2dd/ffffff,0,0,User
fba9d88b-5b99-4902-b007-49f2e6563a72,Torrin,female,12-11-67,afitzgilbert3d@who.int,210-619-0882,786 Jackson Road,http://dummyimage.com/737x540.png/5fa2dd/ffffff,0,0,User
7ae7b23a-41c7-4c1e-8702-0cd01f76178f,Andonis,male,23/05/1974,kbinyon3e@oakley.com,832-878-9579,07 Lerdahl Center,http://dummyimage.com/504x550.png/dddddd/000000,0,0,User
35c65a4f-8582-4a2c-a14c-50d85514886f,Erie,female,23/11/1965,mknatt3f@shinystat.com,512-826-7650,700 Sloan Street,http://dummyimage.com/521x636.png/5fa2dd/ffffff,0,0,User
31838c2a-0feb-44ec-a3f6-1a79a26f8c17,Lothario,female,7-09-89,mrobet3g@xinhuanet.com,493-696-6771,9 Chinook Park,http://dummyimage.com/609x746.png/cc0000/ffffff,0,0,User
b77bf2d3-a1af-4140-85b8-7913af0767be,Farly,female,25/11/1994,barthars3h@census.gov,764-383-1110,765 American Ash Park,http://dummyimage.com/726x528.png/cc0000/ffffff,0,0,User
a1bef326-a4c7-4850-8e86-caae7060fa14,Ros,female,4-12-65,etully3i@ovh.net,619-727-0042,5 Fieldstone Drive,http://dummyimage.com/749x611.png/cc0000/ffffff,0,0,User
1bafe151-e9fe-425b-a44e-3cbf8b367d93,Annmaria,male,15/05/2000,sewebank3j@wired.com,423-471-0663,47086 Portage Parkway,http://dummyimage.com/508x699.png/dddddd/000000,0,0,User
71e1a0ee-e73b-470f-9ac5-3a743099001a,Kippar,male,3-01-05,hobeney3k@fotki.com,204-467-2201,9291 Eagan Terrace,http://dummyimage.com/758x649.png/cc0000/ffffff,0,0,User
47d325e9-52f9-4cfa-b94f-0482cda4c82c,Harrie,female,2-03-01,mbrinsden3l@themeforest.net,332-299-5074,42 Sommers Hill,http://dummyimage.com/624x555.png/ff4444/ffffff,0,0,User
72025819-3321-4b9f-8745-18f967ba682f,Flynn,female,30/05/2015,kroeby3m@harvard.edu,789-888-9846,21 Gale Place,http://dummyimage.com/643x710.png/cc0000/ffffff,0,0,User
1aa296fa-6fe4-4a55-9b99-68de88bbbd2a,Obadiah,female,26/07/1975,mvasyukhichev3n@oakley.com,246-698-8941,467 Del Mar Parkway,http://dummyimage.com/520x724.png/ff4444/ffffff,0,0,User
73897751-16dc-44b5-b906-19ff848b1b75,Fenelia,male,1-06-75,pmoyler3o@fastcompany.com,557-998-6407,9928 Stang Place,http://dummyimage.com/779x653.png/cc0000/ffffff,0,0,User
d30071b7-b693-444f-8600-ab46db0c0ffc,Graeme,female,14/03/1976,hlinnane3p@newsvine.com,258-707-1936,60526 Mayer Junction,http://dummyimage.com/675x741.png/dddddd/000000,0,0,User
9ba9740a-13b3-495c-9820-3e69b2a66b19,Alexandro,male,10-04-85,enaulls3q@nytimes.com,631-322-3573,61014 Stephen Park,http://dummyimage.com/590x715.png/dddddd/000000,0,0,User
cb73bf9f-4f82-437f-ba5f-7bf2a4f5ef46,Emlynn,male,16/01/1911,mwiddall3r@va.gov,964-473-0002,25269 Warbler Pass,http://dummyimage.com/635x643.png/5fa2dd/ffffff,0,0,User
3f2b5bac-2050-4b1f-a409-6f52f7071465,Bronny,male,27/05/1968,cbarwick3s@ezinearticles.com,200-611-0515,73 Comanche Center,http://dummyimage.com/574x754.png/cc0000/ffffff,0,0,User
372183a8-d78b-4318-a498-2122db92ccc3,Teresita,male,1-04-74,gtaylour3t@reverbnation.com,251-602-8770,0388 Oak Valley Drive,http://dummyimage.com/535x653.png/cc0000/ffffff,0,0,User
d4801993-9b62-4d43-8e7c-78a51904f73a,Fabe,female,18/12/2019,khonig3u@foxnews.com,198-744-5860,03 Portage Park,http://dummyimage.com/604x555.png/5fa2dd/ffffff,0,0,User
09e9c7b7-63c4-40c8-ab19-c6a7df41aeff,Chadd,female,15/06/1908,fbartusek3v@hc360.com,491-292-7108,83590 Bayside Alley,http://dummyimage.com/787x540.png/cc0000/ffffff,0,0,User
bb50dfce-8bd0-4980-b064-ba4c8411c71b,Orelee,female,9-04-69,jredwall3w@parallels.com,532-682-4663,49636 Killdeer Crossing,http://dummyimage.com/729x760.png/dddddd/000000,0,0,User
887b494a-d83f-4e26-afe7-a0e37be44def,Christalle,female,25/02/1975,gbrun3x@chron.com,606-942-6022,376 Anzinger Trail,http://dummyimage.com/500x545.png/cc0000/ffffff,0,0,User
a441eadc-049b-4594-8e95-d302515b9cf7,Rozelle,female,22/10/1967,cwooderson3y@yelp.com,828-347-4799,858 Lakewood Court,http://dummyimage.com/588x538.png/cc0000/ffffff,0,0,User
97b7609a-9cc0-4625-8e7a-4c0fac7e73fd,Wesley,male,20/03/1909,dclemonts3z@berkeley.edu,202-411-8203,9 Kinsman Point,http://dummyimage.com/581x672.png/cc0000/ffffff,0,0,User
979da85d-1891-4e30-a945-179f0b9ebd28,Hamnet,male,29/01/2008,tmascall40@taobao.com,990-694-0879,03270 Jackson Avenue,http://dummyimage.com/666x603.png/cc0000/ffffff,0,0,User
ea2d7f2e-7125-4d81-a8c0-6401c05a3f37,Jillayne,female,15/04/1908,kdolby41@tmall.com,669-608-2211,28776 Pearson Park,http://dummyimage.com/527x768.png/ff4444/ffffff,0,0,User
177615c6-a927-4140-a8e7-2adf2cef1946,Christa,male,30/01/1940,tcromack42@dmoz.org,729-644-2462,188 Monument Parkway,http://dummyimage.com/695x628.png/cc0000/ffffff,0,0,User
c9b0436f-bdab-4f0e-a6ef-5e833daf9f82,Albie,female,24/10/1903,bmacalpine43@mashable.com,756-887-3235,25 Springview Street,http://dummyimage.com/537x715.png/cc0000/ffffff,0,0,User
ed5cbb83-78f5-49e2-b200-cc5e094cd6f8,Harp,male,22/05/1990,ldowty44@flavors.me,442-796-5462,190 Magdeline Plaza,http://dummyimage.com/768x514.png/dddddd/000000,0,0,User
adad3111-4112-421b-bd9e-8696d07a39df,Booth,male,22/09/1903,dgannan45@netscape.com,954-593-4720,608 Glendale Circle,http://dummyimage.com/608x528.png/5fa2dd/ffffff,0,0,User
b88b0810-98ba-47a8-99e7-bd4c7345e711,Elvyn,female,23/08/2016,nfido46@lulu.com,576-878-5448,56000 Leroy Alley,http://dummyimage.com/643x572.png/dddddd/000000,0,0,User
b8aec0ea-b101-476d-8187-db0b0a337429,Anya,male,11-07-07,xpantecost47@abc.net.au,252-858-8012,93 Barnett Lane,http://dummyimage.com/676x666.png/cc0000/ffffff,0,0,User
d014fa56-deb7-4a63-9601-ee5c53023e38,Lavina,male,30/11/1999,edomaschke48@addthis.com,178-273-2983,0662 Logan Pass,http://dummyimage.com/553x506.png/cc0000/ffffff,0,0,User
aa82fcaa-59cb-4c27-bd41-2db6aa24f2ee,Johann,male,31/12/1969,ceade49@ifeng.com,717-848-1077,56141 Green Plaza,http://dummyimage.com/704x668.png/cc0000/ffffff,0,0,User
0ac496c9-b4a8-47e5-a759-5e665db6ccc0,Darrick,male,24/03/1941,jreiling4a@google.de,977-186-2418,51 Schlimgen Alley,http://dummyimage.com/676x694.png/cc0000/ffffff,0,0,User
49d32090-9023-40d4-ad88-8f7e64447fd9,Terrie,male,4-04-88,brudiger4b@yolasite.com,212-826-4628,671 Tennyson Avenue,http://dummyimage.com/758x607.png/cc0000/ffffff,0,0,User
b09353fe-db5e-4847-b31e-af37f2830b9d,Nestor,female,12-10-90,ezuann4c@samsung.com,722-733-1684,1 Pond Terrace,http://dummyimage.com/516x511.png/cc0000/ffffff,0,0,User
196de072-5034-4b6c-a9a8-59d6ab9db1e6,Phyllys,female,2-07-66,bmacaskill4d@rediff.com,583-398-5390,0949 Mendota Street,http://dummyimage.com/751x686.png/dddddd/000000,0,0,User
bc9f58a2-6cbf-4d6c-8e63-fbc484862fa1,Marla,male,18/01/1968,cbartkowiak4e@nasa.gov,831-550-7030,566 Emmet Place,http://dummyimage.com/573x616.png/ff4444/ffffff,0,0,User
6cfa4831-76c7-49db-92d5-b2d93f6f7d83,Rafaelita,female,11-08-96,ygohier4f@webeden.co.uk,563-881-0198,4 Vidon Point,http://dummyimage.com/592x756.png/cc0000/ffffff,0,0,User
0246f8df-ace6-4a57-b13e-6b72fd89fd3c,Jewel,female,23/09/1939,mjessett4g@eepurl.com,608-275-9792,237 Waywood Park,http://dummyimage.com/515x669.png/dddddd/000000,0,0,User
019799d8-d849-4bb0-8487-2826225c9e9c,Kin,male,8-06-05,cconstant4h@miitbeian.gov.cn,954-875-7075,8636 Pepper Wood Court,http://dummyimage.com/695x635.png/5fa2dd/ffffff,0,0,User
e37c5e2d-1485-4faf-9014-9f80e0d7298e,Mathian,male,10-01-52,zcarrier4i@xrea.com,479-858-6171,4 Summerview Crossing,http://dummyimage.com/747x776.png/cc0000/ffffff,0,0,User
3beeba4b-79f5-4ef6-81b3-dc28108a76c2,Lauren,female,6-08-15,wdonn4j@wikimedia.org,977-713-9438,6 Golf View Lane,http://dummyimage.com/757x502.png/dddddd/000000,0,0,User
bbcbd80c-415e-49a3-9dda-d4c5845a2277,Etheline,female,28/07/2013,mpetrakov4k@elegantthemes.com,236-326-1918,43944 3rd Avenue,http://dummyimage.com/741x670.png/5fa2dd/ffffff,0,0,User
5a43a92e-4435-4dbe-9d48-7c0759d5eec1,Andee,male,30/05/1909,lalthorp4l@earthlink.net,825-592-1152,7 Golf Lane,http://dummyimage.com/689x721.png/5fa2dd/ffffff,0,0,User
df7e402d-10fe-4619-a414-37f8557ea02c,Pansy,male,6-02-93,hdemangeon4m@ameblo.jp,417-447-5912,4 Manitowish Avenue,http://dummyimage.com/759x515.png/ff4444/ffffff,0,0,User
07613898-95df-46fa-9c50-827152744429,Annabal,female,27/09/1922,narkil4n@addthis.com,721-560-2358,98 Hintze Road,http://dummyimage.com/664x576.png/ff4444/ffffff,0,0,User
81a4aa3c-bea1-4caf-9f1d-aa4195e282a5,Karil,male,24/04/1930,jcherrett4o@state.gov,811-835-3201,79 Bunting Trail,http://dummyimage.com/758x543.png/5fa2dd/ffffff,0,0,User
9db647ab-1056-4f21-90d8-0ab6d9ce8d9c,Diane,female,25/05/2008,kgrutchfield4p@mit.edu,768-111-6320,522 Waxwing Way,http://dummyimage.com/710x795.png/cc0000/ffffff,0,0,User
2e38f4aa-ca8b-4b69-b2a0-4dab8bc4bfe1,Jannel,male,29/06/1962,unewcom4q@answers.com,769-302-7081,76097 Glacier Hill Avenue,http://dummyimage.com/532x750.png/5fa2dd/ffffff,0,0,User
6996c783-0a1a-42f4-ad02-03a23504c353,Vinny,female,17/10/1991,bwestfrimley4r@indiatimes.com,804-926-1510,453 Annamark Terrace,http://dummyimage.com/783x701.png/5fa2dd/ffffff,0,0,User
0609f32f-24ea-41a9-8631-abc4febdbafd,Caprice,female,30/05/1927,wpadson4s@ox.ac.uk,830-750-3178,96 Carberry Place,http://dummyimage.com/699x750.png/ff4444/ffffff,0,0,User
cd1b7765-9538-4ef5-97b0-e2ba044aede7,Shaylyn,female,22/04/2004,ctame4t@delicious.com,284-306-5154,94 Namekagon Street,http://dummyimage.com/561x780.png/cc0000/ffffff,0,0,User
fc343ead-a9f4-4290-936b-d12792e41716,Nonie,male,6-07-40,msturm4u@t.co,865-312-6745,948 Pawling Park,http://dummyimage.com/592x541.png/ff4444/ffffff,0,0,User
85b47497-bd20-4bfd-9c5d-392571596892,Tabbie,female,8-04-11,mmcinerney4v@cnbc.com,672-165-8630,12 Holy Cross Center,http://dummyimage.com/671x508.png/5fa2dd/ffffff,0,0,User
2bcace46-fdaa-4061-b369-45daffb23542,Vincenz,male,30/03/1955,rpischel4w@dailymotion.com,622-503-1851,3583 Morrow Center,http://dummyimage.com/705x630.png/5fa2dd/ffffff,0,0,User
6779f637-45f5-4a12-8afd-5b8529d32f65,Perkin,male,3-01-55,mhoxey4x@t.co,298-301-8864,0782 Eastlawn Center,http://dummyimage.com/557x687.png/5fa2dd/ffffff,0,0,User
ad55c81d-62ac-435a-a538-4ebe91fbd977,Miner,female,31/03/2005,abridgeland4y@usgs.gov,819-435-3356,64955 Sunbrook Place,http://dummyimage.com/646x517.png/ff4444/ffffff,0,0,User
c0d7ca4c-98bd-4133-ae01-86e899aa73c5,Gregor,female,30/09/1993,tpegler4z@blogtalkradio.com,380-431-8712,18 1st Parkway,http://dummyimage.com/718x574.png/5fa2dd/ffffff,0,0,User
a1ca7fcf-31ed-429e-a7bf-b55acd33674f,Andrei,male,19/01/1951,mblaase50@tamu.edu,667-872-0643,0107 La Follette Center,http://dummyimage.com/506x779.png/cc0000/ffffff,0,0,User
9e4e9c50-1569-43b0-89ac-f8db2ab24ee6,Ray,female,20/08/1914,sleele51@tiny.cc,165-305-3711,344 Carberry Park,http://dummyimage.com/650x682.png/dddddd/000000,0,0,User
06f2d9cf-e8ae-4513-9e15-563eaf63aee5,Ashil,female,20/08/1987,wozintsev52@bandcamp.com,144-700-2959,60575 Maryland Park,http://dummyimage.com/707x610.png/5fa2dd/ffffff,0,0,User
b2211fe8-fa24-4d84-9629-35a172353f29,Dominica,female,11-10-63,mblondelle53@domainmarket.com,686-560-4942,5 Sycamore Lane,http://dummyimage.com/784x786.png/cc0000/ffffff,0,0,User
a7f34934-49c2-4e43-ad2b-1465fed8b7a8,Georgie,female,27/01/1997,omobberley54@tripadvisor.com,513-391-2535,0 Mccormick Crossing,http://dummyimage.com/607x698.png/5fa2dd/ffffff,0,0,User
3282dd07-089e-4f6d-8f32-d1f4167e132f,Cristy,male,2-11-51,tleroux55@mtv.com,238-419-2244,8 Fallview Parkway,http://dummyimage.com/562x630.png/cc0000/ffffff,0,0,User
31af3962-3195-435a-a4f9-a485b9ccd3fb,Inessa,male,21/07/1915,dduggen56@google.ru,190-656-0840,242 Di Loreto Crossing,http://dummyimage.com/652x514.png/dddddd/000000,0,0,User
44a5863e-17df-4d38-bf75-66dd0b07ec07,Idette,male,27/04/1900,bnodes57@shinystat.com,914-360-6806,41893 Reindahl Circle,http://dummyimage.com/637x771.png/cc0000/ffffff,0,0,User
a0599f63-892d-42c2-ae44-27c814273ca0,Kaylyn,female,11-07-26,gtatham58@cdc.gov,592-201-9820,6982 Forest Run Trail,http://dummyimage.com/664x583.png/5fa2dd/ffffff,0,0,User
8994c084-4361-40db-8b60-942acb98ddcc,Verne,male,28/05/1955,jmcparlin59@omniture.com,687-623-2104,8304 Summerview Court,http://dummyimage.com/666x666.png/dddddd/000000,0,0,User
985efd84-a3ec-4bb7-a776-fab000faaf1c,Alissa,male,23/01/1912,wbritney5a@sphinn.com,141-420-5740,5 Bartelt Court,http://dummyimage.com/784x800.png/ff4444/ffffff,0,0,User
70265164-297c-46bd-840b-8aa08c5416f3,Estella,female,18/10/1928,jmcgirr5b@usda.gov,979-609-0041,531 Oak Road,http://dummyimage.com/502x566.png/ff4444/ffffff,0,0,User
1f318fb7-86f0-4782-96cb-e36d5e196ab2,Florenza,male,23/03/1963,elindsay5c@redcross.org,270-635-9664,695 Sullivan Drive,http://dummyimage.com/693x502.png/cc0000/ffffff,0,0,User
48f0425d-0fc7-4d09-a4bd-b67698c10cfd,Kirsten,female,6-09-08,lbee5d@usa.gov,811-185-9333,845 Kedzie Terrace,http://dummyimage.com/598x701.png/5fa2dd/ffffff,0,0,User
2512d0b5-a28e-4d83-958c-3a5ee9bde217,Fidelio,male,12-03-65,odraper5e@over-blog.com,986-293-7715,8197 Summer Ridge Junction,http://dummyimage.com/528x570.png/cc0000/ffffff,0,0,User
b7e7a7fd-0f22-4004-be48-75b08defb1ac,Agata,male,12-09-17,lprestige5f@discovery.com,746-917-7777,78 2nd Parkway,http://dummyimage.com/749x530.png/5fa2dd/ffffff,0,0,User
f5be4172-43cf-4d05-a469-4116313996a1,Rudiger,female,6-02-15,ccovotto5g@vinaora.com,770-689-7559,8 Scofield Pass,http://dummyimage.com/721x765.png/cc0000/ffffff,0,0,User
4817ed3a-a711-49a1-a8ff-e0eb36a91a2b,Chloette,male,14/08/2005,bizkovicz5h@mapy.cz,772-374-6115,8 Oriole Drive,http://dummyimage.com/587x771.png/ff4444/ffffff,0,0,User
8dc6d0f7-9e66-465b-bdf5-3c443b6b4e25,Ephrayim,male,7-11-13,pbynert5i@yahoo.com,402-288-3402,25046 Melby Way,http://dummyimage.com/557x548.png/5fa2dd/ffffff,0,0,User
42a1ba9c-b0f6-4f31-b4df-0be84061f687,Joshuah,male,6-04-88,mmillthorpe5j@theatlantic.com,322-161-6147,03883 Dryden Trail,http://dummyimage.com/793x526.png/dddddd/000000,0,0,User