1e874097-3ee7-4501-9c70-e32e2ce04513,$2b$12$pzi/9JfOndkROvBZI9JFmeeV4vZnPczlGSfdh4Q1oxtYvSwCMjehK,tcubbinelli0@gnu.org
d14e2d91-0e99-4f8d-b5b7-712361bea13e,$2b$12$pzi/9JfOndkROvBZI9JFmeeV4vZnPczlGSfdh4Q1oxtYvSwCMjehK,ksmoote1@feedburner.com
a076a6ce-02b6-4336-ac34-e1bbf4056a78,$2b$12$pzi/9JfOndkROvBZI9JFmeeV4vZnPczlGSfdh4Q1oxtYvSwCMjehK,ipurser2@sakura.ne.jp
649e2925-0a63-4bf7-9c18-0b2eb00ab53e,$2b$12$pzi/9JfOndkROvBZI9JFmeeV4vZnPczlGSfdh4Q1oxtYvSwCMjehK,smilner3@usgs.gov
7a7f07e0-cdbe-49fb-be3a-6bb8a0c3f8d1,$2b$12$pzi/9JfOndkROvBZI9JFmeeV4vZnPczlGSfdh4Q1oxtYvSwCMjehK,gthick4@gmpg.org
da5fced0-1c76-4ca5-8a13-50df8c7eadab,$2b$12$pzi/9JfOndkROvBZI9JFmeeV4vZnPczlGSfdh4Q1oxtYvSwCMjehK,gdurnin5@sciencedaily.com
cb784ae8-d2c3-460f-b4c9-015d03cbb30a,$2b$12$pzi/9JfOndkROvBZI9JFmeeV4vZnPczlGSfdh4Q1oxtYvSwCMjehK,ewakerley6@ovh.net
ad8a6402-2bd3-4e5e-88fe-73214e2f2a16,$2b$12$pzi/9JfOndkROvBZI9JFmeeV4vZnPczlGSfdh4Q1oxtYvSwCMjehK,wpo7@hud.gov
df068052-58ef-482f-be48-62ef4ea8672f,$2b$12$pzi/9JfOndkROvBZI9JFmeeV4vZnPczlGSfdh4Q1oxtYvSwCMjehK,maxcel8@fotki.com
eb280377-8128-4cca-bb03-338acb95185e,$2b$12$pzi/9JfOndkROvBZI9JFmeeV4vZnPczlGSfdh4Q1oxtYvSwCMjehK,iwilmut9@ebay.co.uk
61070bdc-386f-4b4f-aa72-8137dcca8987,$2b$12$pzi/9JfOndkROvBZI9JFmeeV4vZnPczlGSfdh4Q1oxtYvSwCMjehK,akrebera@rambler.ru
b4906ad1-515e-4822-b1a4-f4b7da02b02b,$2b$12$pzi/9JfOndkROvBZI9JFmeeV4vZnPczlGSfdh4Q1oxtYvSwCMjehK,rhackerb@bloomberg.com
836bd3de-f973-4d5d-be2e-e13fb2e8f7b2,$2b$12$pzi/9JfOndkROvBZI9JFmeeV4vZnPczlGSfdh4Q1oxtYvSwCMjehK,sduellc@tuttocitta.it
ae3d1ab2-50b6-40b9-a418-75a354fd8a95,$2b$12$pzi/9JfOndkROvBZI9JFmeeV4vZnPczlGSfdh4Q1oxtYvSwCMjehK,lfurmongerd@ifeng.com
0696df1c-c854-48ce-bdd3-893635db151c,$2b$12$pzi/9JfOndkROvBZI9JFmeeV4vZnPczlGSfdh4Q1oxtYvSwCMjehK,apevreale@sakura.ne.jp
076bf6dd-223f-43c8-87c9-3f8baaa57f20,$2b$12$pzi/9JfOndkROvBZI9JFmeeV4vZnPczlGSfdh4Q1oxtYvSwCMjehK,epaleyf@issuu.com
ed756414-079c-43d0-b2e5-28099282003b,$2b$12$pzi/9JfOndkROvBZI9JFmeeV4vZnPczlGSfdh4Q1oxtYvSwCMjehK,flashbrookg@boston.com
572a061e-7a15-4501-a8dd-960c44b9c9f2,$2b$12$pzi/9JfOndkROvBZI9JFmeeV4vZnPczlGSfdh4Q1oxtYvSwCMjehK,tkobkeh@independent.co.uk
dc6cd25a-1e03-4b09-ad34-de42aa25fb0c,$2b$12$pzi/9JfOndkROvBZI9JFmeeV4vZnPczlGSfdh4Q1oxtYvSwCMjehK,klineeni@msu.edu
ab6687cc-b0b3-4196-b866-8a7b0a60517b,$2b$12$pzi/9JfOndkROvBZI9JFmeeV4vZnPczlGSfdh4Q1oxtYvSwCMjehK,aandressj@blogtalkradio.com
28358ef0-e7c6-48d5-bd4e-5e1065c47581,$2b$12$pzi/9JfOndkROvBZI9JFmeeV4vZnPczlGSfdh4Q1oxtYvSwCMjehK,ehowarthk@posterous.com
c51dbc00-488b-4cb8-be00-1aaa0f26563e,$2b$12$pzi/9JfOndkROvBZI9JFmeeV4vZnPczlGSfdh4Q1oxtYvSwCMjehK,greardenl@wiley.com
6abb7918-5429-49cc-bcfc-caaf2a9d2f6d,$2b$12$pzi/9JfOndkROvBZI9JFmeeV4vZnPczlGSfdh4Q1oxtYvSwCMjehK,ohailesm@addthis.com
4ef41c24-77fc-4b54-95f8-0efdd49ed794,$2b$12$pzi/9JfOndkROvBZI9JFmeeV4vZnPczlGSfdh4Q1oxtYvSwCMjehK,cshaptern@paypal.com
f239c10a-9ef3-4a5c-950e-d79803039fe2,$2b$12$pzi/9JfOndkROvBZI9JFmeeV4vZnPczlGSfdh4Q1oxtYvSwCMjehK,ogreenhouseo@merriam-webster.com
1ae6fb1e-a1c8-4acb-a20f-a203fb3b6209,$2b$12$pzi/9JfOndkROvBZI9JFmeeV4vZnPczlGSfdh4Q1oxtYvSwCMjehK,jtheussp@icio.us
3bbcb069-0ba4-4922-947e-990bcf89eed1,$2b$12$pzi/9JfOndkROvBZI9JFmeeV4vZnPczlGSfdh4Q1oxtYvSwCMjehK,bdaltryq@yellowbook.com
2834c846-d742-486f-961d-c797f2c17de7,$2b$12$pzi/9JfOndkROvBZI9JFmeeV4vZnPczlGSfdh4Q1oxtYvSwCMjehK,bpendryr@youtu.be
09fa3bde-b865-4deb-9198-8689a31a8f35,$2b$12$pzi/9JfOndkROvBZI9JFmeeV4vZnPczlGSfdh4Q1oxtYvSwCMjehK,bodriscolls@stumbleupon.com
90092263-2cbf-42dc-a690-648161dc3e6f,$2b$12$pzi/9JfOndkROvBZI9JFmeeV4vZnPczlGSfdh4Q1oxtYvSwCMjehK,sitzcovicht@archive.org
0641d0ee-9ea1-4242-a459-2a8662e53132,$2b$12$pzi/9JfOndkROvBZI9JFmeeV4vZnPczlGSfdh4Q1oxtYvSwCMjehK,ddemeridau@posterous.com
ad6c2d58-a891-41e7-9ccf-4dc5c67a8c94,$2b$12$pzi/9JfOndkROvBZI9JFmeeV4vZnPczlGSfdh4Q1oxtYvSwCMjehK,mdevillierv@time.com
b1f3bdeb-18ef-4a05-97d9-2f41f75619a0,$2b$12$pzi/9JfOndkROvBZI9JFmeeV4vZnPczlGSfdh4Q1oxtYvSwCMjehK,rdurrantw@deliciousdays.com
270b30fd-9cda-45f6-9856-332d6e673e34,$2b$12$pzi/9JfOndkROvBZI9JFmeeV4vZnPczlGSfdh4Q1oxtYvSwCMjehK,mcolesx@ihg.com
314cf5a3-5aec-42ad-815e-a5cf9b46313b,$2b$12$pzi/9JfOndkROvBZI9JFmeeV4vZnPczlGSfdh4Q1oxtYvSwCMjehK,sdeardeny@ocn.ne.jp
fec11283-fa05-41dc-b17e-5a2d965112cf,$2b$12$pzi/9JfOndkROvBZI9JFmeeV4vZnPczlGSfdh4Q1oxtYvSwCMjehK,lemanuelovz@va.gov
cc9b3ba5-2914-400a-84a7-48780657b753,$2b$12$pzi/9JfOndkROvBZI9JFmeeV4vZnPczlGSfdh4Q1oxtYvSwCMjehK,fsingleton10@sakura.ne.jp
3156933d-f02c-4a2a-afda-b1bd0e3900f9,$2b$12$pzi/9JfOndkROvBZI9JFmeeV4vZnPczlGSfdh4Q1oxtYvSwCMjehK,bohone11@bigcartel.com
70bd1647-4716-4963-b8fc-d68d24f5237d,$2b$12$pzi/9JfOndkROvBZI9JFmeeV4vZnPczlGSfdh4Q1oxtYvSwCMjehK,korpen12@webs.com
70d77ad9-1579-48fa-81fa-e766998da818,$2b$12$pzi/9JfOndkROvBZI9JFmeeV4vZnPczlGSfdh4Q1oxtYvSwCMjehK,aliff13@odnoklassniki.ru
af605cb9-6e2c-463f-a4f1-476e6cf86fb4,$2b$12$pzi/9JfOndkROvBZI9JFmeeV4vZnPczlGSfdh4Q1oxtYvSwCMjehK,promaynes14@shutterfly.com
3f9e42e8-24f7-4577-a61e-8914fd493c27,$2b$12$pzi/9JfOndkROvBZI9JFmeeV4vZnPczlGSfdh4Q1oxtYvSwCMjehK,fbeades15@businesswire.com
97214c75-f49c-4f12-a2a6-0f8a6d906041,$2b$12$pzi/9JfOndkROvBZI9JFmeeV4vZnPczlGSfdh4Q1oxtYvSwCMjehK,glymer16@marketwatch.com
96c5c776-2425-4094-ae61-8915def47940,$2b$12$pzi/9JfOndkROvBZI9JFmeeV4vZnPczlGSfdh4Q1oxtYvSwCMjehK,ekmicicki17@marketwatch.com
3f7814d8-7d88-46e5-8ac0-146bc1c0fef1,$2b$12$pzi/9JfOndkROvBZI9JFmeeV4vZnPczlGSfdh4Q1oxtYvSwCMjehK,dskiplorne18@un.org
0f4af9d0-2e4a-4bf5-9cec-2831858c50a6,$2b$12$pzi/9JfOndkROvBZI9JFmeeV4vZnPczlGSfdh4Q1oxtYvSwCMjehK,pbeneyto19@myspace.com
cf56c79e-681c-4ce1-a0c4-9264345f1d06,$2b$12$pzi/9JfOndkROvBZI9JFmeeV4vZnPczlGSfdh4Q1oxtYvSwCMjehK,sortes1a@gravatar.com
cfe1fbc8-3930-4306-a5c1-ba744683ac11,$2b$12$pzi/9JfOndkROvBZI9JFmeeV4vZnPczlGSfdh4Q1oxtYvSwCMjehK,njenkerson1b@mtv.com
79b4ef69-c0b5-437e-91f1-b720e4770d84,$2b$12$pzi/9JfOndkROvBZI9JFmeeV4vZnPczlGSfdh4Q1oxtYvSwCMjehK,srohloff1c@wiley.com
5e24b804-34be-4b59-a6a0-b42d966c73f7,$2b$12$pzi/9JfOndkROvBZI9JFmeeV4vZnPczlGSfdh4Q1oxtYvSwCMjehK,kkomorowski1d@scientificamerican.com
d7c82868-a434-4cbd-9024-b34b04df90f7,$2b$12$pzi/9JfOndkROvBZI9JFmeeV4vZnPczlGSfdh4Q1oxtYvSwCMjehK,tgrigorini1e@uol.com.br
1bd1a84d-1685-49ba-a04d-31c9ad8cb7d8,$2b$12$pzi/9JfOndkROvBZI9JFmeeV4vZnPczlGSfdh4Q1oxtYvSwCMjehK,kgasquoine1f@smh.com.au
0a219bf1-ee15-4091-bbd5-788fe33c5dfe,$2b$12$pzi/9JfOndkROvBZI9JFmeeV4vZnPczlGSfdh4Q1oxtYvSwCMjehK,bmorad1g@patch.com
7cfbeb3b-0b19-451c-a443-b17e88c86f9d,$2b$12$pzi/9JfOndkROvBZI9JFmeeV4vZnPczlGSfdh4Q1oxtYvSwCMjehK,rlavelle1h@deviantart.com
e53f4d6a-c780-4b80-a225-9310dddc0ea9,$2b$12$pzi/9JfOndkROvBZI9JFmeeV4vZnPczlGSfdh4Q1oxtYvSwCMjehK,ppiper1i@mashable.com
a41bec80-91d4-4369-906f-36a229759e7c,$2b$12$pzi/9JfOndkROvBZI9JFmeeV4vZnPczlGSfdh4Q1oxtYvSwCMjehK,cdabernott1j@theguardian.com
840e5015-59fc-439f-853f-9c6757c309a8,$2b$12$pzi/9JfOndkROvBZI9JFmeeV4vZnPczlGSfdh4Q1oxtYvSwCMjehK,ewhiteley1k@boston.com
bfb293fa-e7f8-46bc-bdd4-8843e717c6c5,$2b$12$pzi/9JfOndkROvBZI9JFmeeV4vZnPczlGSfdh4Q1oxtYvSwCMjehK,kbreakwell1l@newyorker.com
f449b4bf-af95-4b7e-a924-f5817f844e2a,$2b$12$pzi/9JfOndkROvBZI9JFmeeV4vZnPczlGSfdh4Q1oxtYvSwCMjehK,dnoar1m@cornell.edu
ef9f3f3c-beb6-4c90-9d0e-d170426514b5,$2b$12$pzi/9JfOndkROvBZI9JFmeeV4vZnPczlGSfdh4Q1oxtYvSwCMjehK,jmacelane1n@unc.edu
4e079e88-a7b5-49c1-a808-ac2cf51002ee,$2b$12$pzi/9JfOndkROvBZI9JFmeeV4vZnPczlGSfdh4Q1oxtYvSwCMjehK,gbranford1o@vistaprint.com
fcae4df8-3f63-4366-9410-bb779dbdaf17,$2b$12$pzi/9JfOndkROvBZI9JFmeeV4vZnPczlGSfdh4Q1oxtYvSwCMjehK,ftraske1p@php.net
f2719805-40fa-4a91-baf0-dd8ca4573dc1,$2b$12$pzi/9JfOndkROvBZI9JFmeeV4vZnPczlGSfdh4Q1oxtYvSwCMjehK,iidle1q@bloglovin.com
d6460d17-76a9-4c8a-9a71-bcd4e56dee22,$2b$12$pzi/9JfOndkROvBZI9JFmeeV4vZnPczlGSfdh4Q1oxtYvSwCMjehK,bdwyr1r@elpais.com
c5c7fdd8-6803-4f36-9bed-a43addd1e496,$2b$12$pzi/9JfOndkROvBZI9JFmeeV4vZnPczlGSfdh4Q1oxtYvSwCMjehK,nnevett1s@accuweather.com
9d37a560-e424-4144-88e0-ca8549bd3eaf,$2b$12$pzi/9JfOndkROvBZI9JFmeeV4vZnPczlGSfdh4Q1oxtYvSwCMjehK,aschwand1t@drupal.org
a3f68687-6067-43a0-8f00-c442cc07cbf5,$2b$12$pzi/9JfOndkROvBZI9JFmeeV4vZnPczlGSfdh4Q1oxtYvSwCMjehK,cgatty1u@nature.com
bb395a53-6784-4054-890e-4a20baf1366a,$2b$12$pzi/9JfOndkROvBZI9JFmeeV4vZnPczlGSfdh4Q1oxtYvSwCMjehK,ielham1v@indiegogo.com
bd11f243-798c-4d55-9fd8-a283c3e19ce5,$2b$12$pzi/9JfOndkROvBZI9JFmeeV4vZnPczlGSfdh4Q1oxtYvSwCMjehK,darpin1w@google.ca
5042b6c9-9d4f-4b52-9bea-4fb11beb78b2,$2b$12$pzi/9JfOndkROvBZI9JFmeeV4vZnPczlGSfdh4Q1oxtYvSwCMjehK,bkornyakov1x@dot.gov
16350472-e6f5-45ac-abb0-07002f53395d,$2b$12$pzi/9JfOndkROvBZI9JFmeeV4vZnPczlGSfdh4Q1oxtYvSwCMjehK,ccasley1y@reuters.com
3b8df5bc-5b5b-460a-9b01-d77593e6e9cf,$2b$12$pzi/9JfOndkROvBZI9JFmeeV4vZnPczlGSfdh4Q1oxtYvSwCMjehK,ssatyford1z@vinaora.com
c60f1e46-d7e3-4ba9-a7b0-28faa1eb19e8,$2b$12$pzi/9JfOndkROvBZI9JFmeeV4vZnPczlGSfdh4Q1oxtYvSwCMjehK,acherry20@phoca.cz
12722170-3a4b-41be-87cc-23c71121f308,$2b$12$pzi/9JfOndkROvBZI9JFmeeV4vZnPczlGSfdh4Q1oxtYvSwCMjehK,cobrogan21@cbsnews.com
bac18063-33c7-410e-914e-f699f2977434,$2b$12$pzi/9JfOndkROvBZI9JFmeeV4vZnPczlGSfdh4Q1oxtYvSwCMjehK,jhutcheon22@alexa.com
50ecf96b-9962-48a9-af95-7048ca839613,$2b$12$pzi/9JfOndkROvBZI9JFmeeV4vZnPczlGSfdh4Q1oxtYvSwCMjehK,cmilvarnie23@boston.com
cdf4f54c-2a9d-4faf-960e-dd4468d15c13,$2b$12$pzi/9JfOndkROvBZI9JFmeeV4vZnPczlGSfdh4Q1oxtYvSwCMjehK,laulds24@webeden.co.uk
b6543c60-c3d1-42fc-991a-e3c12dc71986,$2b$12$pzi/9JfOndkROvBZI9JFmeeV4vZnPczlGSfdh4Q1oxtYvSwCMjehK,alassell25@csmonitor.com
6b6cc247-3fa0-4f31-b71f-e0e76b91b982,$2b$12$pzi/9JfOndkROvBZI9JFmeeV4vZnPczlGSfdh4Q1oxtYvSwCMjehK,omethingam26@statcounter.com
44605553-266e-4fb7-9ead-47eb4bf87a80,$2b$12$pzi/9JfOndkROvBZI9JFmeeV4vZnPczlGSfdh4Q1oxtYvSwCMjehK,ssanzio27@washingtonpost.com
f2d82fb8-c4ec-49cf-87fe-0c6928f28bcd,$2b$12$pzi/9JfOndkROvBZI9JFmeeV4vZnPczlGSfdh4Q1oxtYvSwCMjehK,eandrini28@typepad.com
c9e38055-441f-4408-91ea-783a7f4e96d3,$2b$12$pzi/9JfOndkROvBZI9JFmeeV4vZnPczlGSfdh4Q1oxtYvSwCMjehK,spinniger29@ebay.co.uk
cd90d413-b18b-49b5-b979-32092381d309,$2b$12$pzi/9JfOndkROvBZI9JFmeeV4vZnPczlGSfdh4Q1oxtYvSwCMjehK,ccornhill2a@wordpress.com
75058e78-1179-4e90-9bc0-70740330d47a,$2b$12$pzi/9JfOndkROvBZI9JFmeeV4vZnPczlGSfdh4Q1oxtYvSwCMjehK,dhalley2b@biglobe.ne.jp
b3b1997e-780f-4305-8155-8d9b4a9767af,$2b$12$pzi/9JfOndkROvBZI9JFmeeV4vZnPczlGSfdh4Q1oxtYvSwCMjehK,fcussons2c@wordpress.org
832cb2ae-26dd-4615-8f73-d919cd925647,$2b$12$pzi/9JfOndkROvBZI9JFmeeV4vZnPczlGSfdh4Q1oxtYvSwCMjehK,ajerrems2d@last.fm
e334688f-c327-44e9-9aa6-beffe0010dcc,$2b$12$pzi/9JfOndkROvBZI9JFmeeV4vZnPczlGSfdh4Q1oxtYvSwCMjehK,rbloxham2e@mapy.cz
05b7aac9-eb16-4447-ac19-6003cc4fb2a8,$2b$12$pzi/9JfOndkROvBZI9JFmeeV4vZnPczlGSfdh4Q1oxtYvSwCMjehK,oroby2f@bravesites.com
e1cab1c8-9b73-4528-b298-71e4bb53a72c,$2b$12$pzi/9JfOndkROvBZI9JFmeeV4vZnPczlGSfdh4Q1oxtYvSwCMjehK,mskains2g@blog.com
13de79f4-5f69-4764-827c-cd93448c4a31,$2b$12$pzi/9JfOndkROvBZI9JFmeeV4vZnPczlGSfdh4Q1oxtYvSwCMjehK,jbolgar2h@myspace.com
23aa3d58-3660-4f5d-8db6-991e0d478247,$2b$12$pzi/9JfOndkROvBZI9JFmeeV4vZnPczlGSfdh4Q1oxtYvSwCMjehK,iyoxen2i@omniture.com
d36c5c22-06ec-465d-90d3-f36ef7990f2d,$2b$12$pzi/9JfOndkROvBZI9JFmeeV4vZnPczlGSfdh4Q1oxtYvSwCMjehK,ajackalin2j@economist.com
02f7994e-ce98-42aa-b8d1-3aafa362c738,$2b$12$pzi/9JfOndkROvBZI9JFmeeV4vZnPczlGSfdh4Q1oxtYvSwCMjehK,lgussie2k@360.cn
cb79b9b3-1524-482f-a652-f41202abbd73,$2b$12$pzi/9JfOndkROvBZI9JFmeeV4vZnPczlGSfdh4Q1oxtYvSwCMjehK,pcuttler2l@e-recht24.de
35e69caa-d9ff-4b6b-83c7-bd08ac30e7ec,$2b$12$pzi/9JfOndkROvBZI9JFmeeV4vZnPczlGSfdh4Q1oxtYvSwCMjehK,socarran2m@jiathis.com
704cab06-09d9-4347-a4ed-b4fe234f3300,$2b$12$pzi/9JfOndkROvBZI9JFmeeV4vZnPczlGSfdh4Q1oxtYvSwCMjehK,dsoggee2n@ehow.com
f87ad281-e894-4619-8afc-e75ad3a84be2,$2b$12$pzi/9JfOndkROvBZI9JFmeeV4vZnPczlGSfdh4Q1oxtYvSwCMjehK,woteague2o@topsy.com
36e728c0-344b-4360-994a-7bc038ab9bc9,$2b$12$pzi/9JfOndkROvBZI9JFmeeV4vZnPczlGSfdh4Q1oxtYvSwCMjehK,bwatts2p@theatlantic.com
976702cd-b2fe-482b-86df-d11a0c192ac3,$2b$12$pzi/9JfOndkROvBZI9JFmeeV4vZnPczlGSfdh4Q1oxtYvSwCMjehK,rgrimwood2q@xinhuanet.com
d9959581-6050-46c4-8a01-17183bf0b948,$2b$12$pzi/9JfOndkROvBZI9JFmeeV4vZnPczlGSfdh4Q1oxtYvSwCMjehK,jcuss2r@infoseek.co.jp
97301027-bf63-480b-b596-49321731b613,$2b$12$pzi/9JfOndkROvBZI9JFmeeV4vZnPczlGSfdh4Q1oxtYvSwCMjehK,cmattack2s@google.co.uk
6a40b07f-c112-48b0-9d85-ddad5358af28,$2b$12$pzi/9JfOndkROvBZI9JFmeeV4vZnPczlGSfdh4Q1oxtYvSwCMjehK,hhelix2t@feedburner.com
b68a9522-5159-4927-a942-dbee79f28aca,$2b$12$pzi/9JfOndkROvBZI9JFmeeV4vZnPczlGSfdh4Q1oxtYvSwCMjehK,bantrum2u@sogou.com
73d5f34d-1d86-4a47-8e80-785da0f47a31,$2b$12$pzi/9JfOndkROvBZI9JFmeeV4vZnPczlGSfdh4Q1oxtYvSwCMjehK,alucian2v@163.com
d0acd1c2-6e7f-4a4e-8e1a-7bc65bf351bf,$2b$12$pzi/9JfOndkROvBZI9JFmeeV4vZnPczlGSfdh4Q1oxtYvSwCMjehK,vshemming2w@shareasale.com
8eb10866-a800-4fb2-ad4f-b295d22dfae5,$2b$12$pzi/9JfOndkROvBZI9JFmeeV4vZnPczlGSfdh4Q1oxtYvSwCMjehK,ewoodley2x@disqus.com
d17c9281-9d2f-4eaf-8364-4d8f2cf108a1,$2b$12$pzi/9JfOndkROvBZI9JFmeeV4vZnPczlGSfdh4Q1oxtYvSwCMjehK,hpiggot2y@infoseek.co.jp
fe483197-c71e-40e2-99e6-4fab94a11f99,$2b$12$pzi/9JfOndkROvBZI9JFmeeV4vZnPczlGSfdh4Q1oxtYvSwCMjehK,pblethin2z@shinystat.com
517f6c7c-0901-48d8-93f5-e8f9cc95839f,$2b$12$pzi/9JfOndkROvBZI9JFmeeV4vZnPczlGSfdh4Q1oxtYvSwCMjehK,smerritt30@yahoo.co.jp
b32a7d25-6f2c-474b-8d77-e6cfbde12c5b,$2b$12$pzi/9JfOndkROvBZI9JFmeeV4vZnPczlGSfdh4Q1oxtYvSwCMjehK,eskakunas31@facebook.com
6582c72f-f326-4bcb-bfcc-08e697325d30,$2b$12$pzi/9JfOndkROvBZI9JFmeeV4vZnPczlGSfdh4Q1oxtYvSwCMjehK,rtorvey32@wordpress.com
fb455135-c123-4c5f-b267-d5fef183dfbc,$2b$12$pzi/9JfOndkROvBZI9JFmeeV4vZnPczlGSfdh4Q1oxtYvSwCMjehK,rosichev33@ustream.tv
8cc42424-2e72-4c4c-a43f-570f4fbac6ec,$2b$12$pzi/9JfOndkROvBZI9JFmeeV4vZnPczlGSfdh4Q1oxtYvSwCMjehK,amacconnel34@nymag.com
66b4510c-07d7-4551-9c8a-8143d04ee048,$2b$12$pzi/9JfOndkROvBZI9JFmeeV4vZnPczlGSfdh4Q1oxtYvSwCMjehK,abonnesen35@unicef.org
8b849855-6609-4c52-a2b7-2d2835b5ee83,$2b$12$pzi/9JfOndkROvBZI9JFmeeV4vZnPczlGSfdh4Q1oxtYvSwCMjehK,vbruce36@g.co
a6539075-78a2-4065-be6d-4b1c15b09676,$2b$12$pzi/9JfOndkROvBZI9JFmeeV4vZnPczlGSfdh4Q1oxtYvSwCMjehK,bcouth37@cbslocal.com
5e778d5d-e43c-41a0-83ad-81292b57b7c9,$2b$12$pzi/9JfOndkROvBZI9JFmeeV4vZnPczlGSfdh4Q1oxtYvSwCMjehK,cbarnaclough38@twitter.com
cd9c0038-2f1b-487b-b622-ce52417c86e7,$2b$12$pzi/9JfOndkROvBZI9JFmeeV4vZnPczlGSfdh4Q1oxtYvSwCMjehK,rromain39@ning.com
0c810b80-3381-4f53-9b8d-b9941ad9c672,$2b$12$pzi/9JfOndkROvBZI9JFmeeV4vZnPczlGSfdh4Q1oxtYvSwCMjehK,krizzone3a@wiley.com
de7916d4-bb7d-4eaf-8eee-22918c9ad100,$2b$12$pzi/9JfOndkROvBZI9JFmeeV4vZnPczlGSfdh4Q1oxtYvSwCMjehK,bjolliffe3b@vinaora.com
cc6205db-2345-4c0f-a452-2d364d92e9ee,$2b$12$pzi/9JfOndkROvBZI9JFmeeV4vZnPczlGSfdh4Q1oxtYvSwCMjehK,ngatchel3c@ted.com
f637c132-1ec1-43a7-9d8a-19043b1cafaf,$2b$12$pzi/9JfOndkROvBZI9JFmeeV4vZnPczlGSfdh4Q1oxtYvSwCMjehK,afitzgilbert3d@who.int
a34e4117-ab44-4f54-835c-60e8eb7ca27d,$2b$12$pzi/9JfOndkROvBZI9JFmeeV4vZnPczlGSfdh4Q1oxtYvSwCMjehK,kbinyon3e@oakley.com
40b308f2-ee3b-42f1-b9a5-136aeb3246aa,$2b$12$pzi/9JfOndkROvBZI9JFmeeV4vZnPczlGSfdh4Q1oxtYvSwCMjehK,mknatt3f@shinystat.com
0772a9da-b9c1-49a1-98f6-f7f8944bb443,$2b$12$pzi/9JfOndkROvBZI9JFmeeV4vZnPczlGSfdh4Q1oxtYvSwCMjehK,mrobet3g@xinhuanet.com
af179902-6f93-4a62-9b68-2d16dd2fc0b0,$2b$12$pzi/9JfOndkROvBZI9JFmeeV4vZnPczlGSfdh4Q1oxtYvSwCMjehK,barthars3h@census.gov
42d69cfd-a8bf-4509-bc60-dcff2ff13430,$2b$12$pzi/9JfOndkROvBZI9JFmeeV4vZnPczlGSfdh4Q1oxtYvSwCMjehK,etully3i@ovh.net
d762e7b6-3f5f-489b-b0f6-f91bc21ea25c,$2b$12$pzi/9JfOndkROvBZI9JFmeeV4vZnPczlGSfdh4Q1oxtYvSwCMjehK,sewebank3j@wired.com
4713eec2-0b3c-4e9a-851c-545cb6c17738,$2b$12$pzi/9JfOndkROvBZI9JFmeeV4vZnPczlGSfdh4Q1oxtYvSwCMjehK,hobeney3k@fotki.com
10bcbdac-a85a-4bdf-b310-42b274a9ffb3,$2b$12$pzi/9JfOndkROvBZI9JFmeeV4vZnPczlGSfdh4Q1oxtYvSwCMjehK,mbrinsden3l@themeforest.net
3d111028-617f-41c0-a559-5c27e983a360,$2b$12$pzi/9JfOndkROvBZI9JFmeeV4vZnPczlGSfdh4Q1oxtYvSwCMjehK,kroeby3m@harvard.edu
8ce0e29e-6850-47e4-ae8b-075519cb358a,$2b$12$pzi/9JfOndkROvBZI9JFmeeV4vZnPczlGSfdh4Q1oxtYvSwCMjehK,mvasyukhichev3n@oakley.com
66e6cbd9-6019-4f5d-8e5a-08f70e0a3f73,$2b$12$pzi/9JfOndkROvBZI9JFmeeV4vZnPczlGSfdh4Q1oxtYvSwCMjehK,pmoyler3o@fastcompany.com
2786768f-cf62-48ff-8cb2-7e0d59b470f2,$2b$12$pzi/9JfOndkROvBZI9JFmeeV4vZnPczlGSfdh4Q1oxtYvSwCMjehK,hlinnane3p@newsvine.com
c4f5f80c-3b44-4aa6-ad32-1bc818abf8a3,$2b$12$pzi/9JfOndkROvBZI9JFmeeV4vZnPczlGSfdh4Q1oxtYvSwCMjehK,enaulls3q@nytimes.com
d57f47a2-f8fb-4816-bfdd-d64758e84823,$2b$12$pzi/9JfOndkROvBZI9JFmeeV4vZnPczlGSfdh4Q1oxtYvSwCMjehK,mwiddall3r@va.gov
a5aa9103-3d63-49b0-8bc4-88cb3e80f72a,$2b$12$pzi/9JfOndkROvBZI9JFmeeV4vZnPczlGSfdh4Q1oxtYvSwCMjehK,cbarwick3s@ezinearticles.com
d13c2696-45c9-449d-815c-bb20095b364c,$2b$12$pzi/9JfOndkROvBZI9JFmeeV4vZnPczlGSfdh4Q1oxtYvSwCMjehK,gtaylour3t@reverbnation.com
4fe2b54e-4ab5-4382-9395-f1ba281c977d,$2b$12$pzi/9JfOndkROvBZI9JFmeeV4vZnPczlGSfdh4Q1oxtYvSwCMjehK,khonig3u@foxnews.com
f14e1d0e-a0fc-4ea1-8b09-f2776a0f33d1,$2b$12$pzi/9JfOndkROvBZI9JFmeeV4vZnPczlGSfdh4Q1oxtYvSwCMjehK,fbartusek3v@hc360.com
caf00f5e-38d5-4fbb-89fb-fa5d4a3032e1,$2b$12$pzi/9JfOndkROvBZI9JFmeeV4vZnPczlGSfdh4Q1oxtYvSwCMjehK,jredwall3w@parallels.com
7cf6b394-443a-4dd2-b2b1-bf27560989a5,$2b$12$pzi/9JfOndkROvBZI9JFmeeV4vZnPczlGSfdh4Q1oxtYvSwCMjehK,gbrun3x@chron.com
6d4721fd-f06c-407e-8904-70b4f267f8f5,$2b$12$pzi/9JfOndkROvBZI9JFmeeV4vZnPczlGSfdh4Q1oxtYvSwCMjehK,cwooderson3y@yelp.com
f15bc802-03d9-4d5a-ab29-77b4800f2931,$2b$12$pzi/9JfOndkROvBZI9JFmeeV4vZnPczlGSfdh4Q1oxtYvSwCMjehK,dclemonts3z@berkeley.edu
206a8493-2330-48a6-b125-f4ca05bc6bab,$2b$12$pzi/9JfOndkROvBZI9JFmeeV4vZnPczlGSfdh4Q1oxtYvSwCMjehK,tmascall40@taobao.com
21b9f4c6-b777-445a-8119-300b268f06e6,$2b$12$pzi/9JfOndkROvBZI9JFmeeV4vZnPczlGSfdh4Q1oxtYvSwCMjehK,kdolby41@tmall.com
ffd95fa1-2d4d-40d6-b461-6f627f009a1c,$2b$12$pzi/9JfOndkROvBZI9JFmeeV4vZnPczlGSfdh4Q1oxtYvSwCMjehK,tcromack42@dmoz.org
580658a1-27dc-42b7-a764-51ce1377a56a,$2b$12$pzi/9JfOndkROvBZI9JFmeeV4vZnPczlGSfdh4Q1oxtYvSwCMjehK,bmacalpine43@mashable.com
5a068d1f-2280-478f-9919-a944f281f48d,$2b$12$pzi/9JfOndkROvBZI9JFmeeV4vZnPczlGSfdh4Q1oxtYvSwCMjehK,ldowty44@flavors.me
33c41abc-b44f-41de-96d5-361784452496,$2b$12$pzi/9JfOndkROvBZI9JFmeeV4vZnPczlGSfdh4Q1oxtYvSwCMjehK,dgannan45@netscape.com
0f028906-a990-44b3-9057-8954f2ae036f,$2b$12$pzi/9JfOndkROvBZI9JFmeeV4vZnPczlGSfdh4Q1oxtYvSwCMjehK,nfido46@lulu.com
7f34d749-3c04-4166-a471-7cb4ee50a367,$2b$12$pzi/9JfOndkROvBZI9JFmeeV4vZnPczlGSfdh4Q1oxtYvSwCMjehK,xpantecost47@abc.net.au
ac0c1846-35c3-4dc5-ae57-a1cdc277d622,$2b$12$pzi/9JfOndkROvBZI9JFmeeV4vZnPczlGSfdh4Q1oxtYvSwCMjehK,edomaschke48@addthis.com
ad7debcb-3d84-4c5a-9d71-ca5bbcf80173,$2b$12$pzi/9JfOndkROvBZI9JFmeeV4vZnPczlGSfdh4Q1oxtYvSwCMjehK,ceade49@ifeng.com
7a33b229-0934-409c-991a-aa649ce998b4,$2b$12$pzi/9JfOndkROvBZI9JFmeeV4vZnPczlGSfdh4Q1oxtYvSwCMjehK,jreiling4a@google.de
eb9dc890-d4b5-4c5f-a48b-3f1ad5881417,$2b$12$pzi/9JfOndkROvBZI9JFmeeV4vZnPczlGSfdh4Q1oxtYvSwCMjehK,brudiger4b@yolasite.com
d24ce051-859b-4762-a34f-fb6782911996,$2b$12$pzi/9JfOndkROvBZI9JFmeeV4vZnPczlGSfdh4Q1oxtYvSwCMjehK,ezuann4c@samsung.com
f7917583-3599-4c5e-a537-e6705f9ab57a,$2b$12$pzi/9JfOndkROvBZI9JFmeeV4vZnPczlGSfdh4Q1oxtYvSwCMjehK,bmacaskill4d@rediff.com
fab7b825-ed07-4135-89f9-f73792d93d78,$2b$12$pzi/9JfOndkROvBZI9JFmeeV4vZnPczlGSfdh4Q1oxtYvSwCMjehK,cbartkowiak4e@nasa.gov
7d0acfad-2f59-4730-8ab7-37e392c05b07,$2b$12$pzi/9JfOndkROvBZI9JFmeeV4vZnPczlGSfdh4Q1oxtYvSwCMjehK,ygohier4f@webeden.co.uk
f6510a53-8e9b-41cb-aba6-4d7ec8e3deef,$2b$12$pzi/9JfOndkROvBZI9JFmeeV4vZnPczlGSfdh4Q1oxtYvSwCMjehK,mjessett4g@eepurl.com
01c0da19-6091-4cad-affb-2bfe5d1bde0e,$2b$12$pzi/9JfOndkROvBZI9JFmeeV4vZnPczlGSfdh4Q1oxtYvSwCMjehK,cconstant4h@miitbeian.gov.cn
57ab6670-deb8-42ea-b90f-3cf3bfbc3b66,$2b$12$pzi/9JfOndkROvBZI9JFmeeV4vZnPczlGSfdh4Q1oxtYvSwCMjehK,zcarrier4i@xrea.com
3241e856-7ccd-44b6-b4f1-3147a19e8366,$2b$12$pzi/9JfOndkROvBZI9JFmeeV4vZnPczlGSfdh4Q1oxtYvSwCMjehK,wdonn4j@wikimedia.org
59e596c8-a75f-4558-afcd-8e690bd14cc3,$2b$12$pzi/9JfOndkROvBZI9JFmeeV4vZnPczlGSfdh4Q1oxtYvSwCMjehK,mpetrakov4k@elegantthemes.com
21b90d84-501c-411b-ab9d-b381cf0a9c00,$2b$12$pzi/9JfOndkROvBZI9JFmeeV4vZnPczlGSfdh4Q1oxtYvSwCMjehK,lalthorp4l@earthlink.net
101a8e70-0fe9-41d1-af56-974d4d7d15fd,$2b$12$pzi/9JfOndkROvBZI9JFmeeV4vZnPczlGSfdh4Q1oxtYvSwCMjehK,hdemangeon4m@ameblo.jp
c3190377-0809-4b6c-b6f3-66a7ceb6f345,$2b$12$pzi/9JfOndkROvBZI9JFmeeV4vZnPczlGSfdh4Q1oxtYvSwCMjehK,narkil4n@addthis.com
101cdbce-9807-4b56-bf28-dc09fb642e00,$2b$12$pzi/9JfOndkROvBZI9JFmeeV4vZnPczlGSfdh4Q1oxtYvSwCMjehK,jcherrett4o@state.gov
4eb47973-3725-4bd6-9dae-c41f8ed7dfd0,$2b$12$pzi/9JfOndkROvBZI9JFmeeV4vZnPczlGSfdh4Q1oxtYvSwCMjehK,kgrutchfield4p@mit.edu
d7831505-73ad-48aa-89e2-8ff347100a3e,$2b$12$pzi/9JfOndkROvBZI9JFmeeV4vZnPczlGSfdh4Q1oxtYvSwCMjehK,unewcom4q@answers.com
78f47ef4-3b53-4420-a017-809147d5780a,$2b$12$pzi/9JfOndkROvBZI9JFmeeV4vZnPczlGSfdh4Q1oxtYvSwCMjehK,bwestfrimley4r@indiatimes.com
30685a9b-d0b4-4996-a384-6b798025c21a,$2b$12$pzi/9JfOndkROvBZI9JFmeeV4vZnPczlGSfdh4Q1oxtYvSwCMjehK,wpadson4s@ox.ac.uk
1fe5dfa9-ad09-442a-8ffa-18cf4469de5d,$2b$12$pzi/9JfOndkROvBZI9JFmeeV4vZnPczlGSfdh4Q1oxtYvSwCMjehK,ctame4t@delicious.com
ec877113-2120-4098-b3e0-ac9d8a599fec,$2b$12$pzi/9JfOndkROvBZI9JFmeeV4vZnPczlGSfdh4Q1oxtYvSwCMjehK,msturm4u@t.co
2cd01403-e07f-4956-911f-49f20f4f11aa,$2b$12$pzi/9JfOndkROvBZI9JFmeeV4vZnPczlGSfdh4Q1oxtYvSwCMjehK,mmcinerney4v@cnbc.com
2b397f7f-b22b-46c8-92db-ebd0f3950930,$2b$12$pzi/9JfOndkROvBZI9JFmeeV4vZnPczlGSfdh4Q1oxtYvSwCMjehK,rpischel4w@dailymotion.com
7e83ae23-9aaa-48dc-bea1-69e2d353636c,$2b$12$pzi/9JfOndkROvBZI9JFmeeV4vZnPczlGSfdh4Q1oxtYvSwCMjehK,mhoxey4x@t.co
00ca89f7-7111-4a75-add5-c384a661d011,$2b$12$pzi/9JfOndkROvBZI9JFmeeV4vZnPczlGSfdh4Q1oxtYvSwCMjehK,abridgeland4y@usgs.gov
594c33ef-1936-4acc-b421-a01266682c56,$2b$12$pzi/9JfOndkROvBZI9JFmeeV4vZnPczlGSfdh4Q1oxtYvSwCMjehK,tpegler4z@blogtalkradio.com
05181ca2-df69-4be3-9793-0a159afb0103,$2b$12$pzi/9JfOndkROvBZI9JFmeeV4vZnPczlGSfdh4Q1oxtYvSwCMjehK,mblaase50@tamu.edu
3c79d050-3565-46e2-8e1a-afa1a8de8e6e,$2b$12$pzi/9JfOndkROvBZI9JFmeeV4vZnPczlGSfdh4Q1oxtYvSwCMjehK,sleele51@tiny.cc
33052bfa-c3d8-4752-85d0-e723b477dc29,$2b$12$pzi/9JfOndkROvBZI9JFmeeV4vZnPczlGSfdh4Q1oxtYvSwCMjehK,wozintsev52@bandcamp.com
cb4f4ee5-30f2-4ab6-a00f-f5770fbf528d,$2b$12$pzi/9JfOndkROvBZI9JFmeeV4vZnPczlGSfdh4Q1oxtYvSwCMjehK,mblondelle53@domainmarket.com
d3c7e0c2-92a9-401f-a260-b8d062b4a7ea,$2b$12$pzi/9JfOndkROvBZI9JFmeeV4vZnPczlGSfdh4Q1oxtYvSwCMjehK,omobberley54@tripadvisor.com
7158c464-5235-4dde-ae9e-968d749d58b0,$2b$12$pzi/9JfOndkROvBZI9JFmeeV4vZnPczlGSfdh4Q1oxtYvSwCMjehK,tleroux55@mtv.com
6aa9a4de-a904-4fd0-b332-3b5b10fb6b95,$2b$12$pzi/9JfOndkROvBZI9JFmeeV4vZnPczlGSfdh4Q1oxtYvSwCMjehK,dduggen56@google.ru
0358bbba-9b5f-4b04-aef9-c398f1bdde84,$2b$12$pzi/9JfOndkROvBZI9JFmeeV4vZnPczlGSfdh4Q1oxtYvSwCMjehK,bnodes57@shinystat.com
23cebc5b-51b7-48d5-937f-6789dd955808,$2b$12$pzi/9JfOndkROvBZI9JFmeeV4vZnPczlGSfdh4Q1oxtYvSwCMjehK,gtatham58@cdc.gov
3f5d679e-c028-472e-8714-34529826a7ea,$2b$12$pzi/9JfOndkROvBZI9JFmeeV4vZnPczlGSfdh4Q1oxtYvSwCMjehK,jmcparlin59@omniture.com
b239d54e-3e2f-4d9d-b274-8b4051c9d819,$2b$12$pzi/9JfOndkROvBZI9JFmeeV4vZnPczlGSfdh4Q1oxtYvSwCMjehK,wbritney5a@sphinn.com
3b62c398-7839-4445-a821-726c8ea6e6da,$2b$12$pzi/9JfOndkROvBZI9JFmeeV4vZnPczlGSfdh4Q1oxtYvSwCMjehK,jmcgirr5b@usda.gov
bda77864-de72-4907-82a9-f173b86921be,$2b$12$pzi/9JfOndkROvBZI9JFmeeV4vZnPczlGSfdh4Q1oxtYvSwCMjehK,elindsay5c@redcross.org
9216af6e-550e-4d43-9d35-bf94b1a4198b,$2b$12$pzi/9JfOndkROvBZI9JFmeeV4vZnPczlGSfdh4Q1oxtYvSwCMjehK,lbee5d@usa.gov
76098454-001a-48fd-bad7-5a1ea4c60ed5,$2b$12$pzi/9JfOndkROvBZI9JFmeeV4vZnPczlGSfdh4Q1oxtYvSwCMjehK,odraper5e@over-blog.com
ddf7749e-ac5d-4976-9575-e2ffc06c7117,$2b$12$pzi/9JfOndkROvBZI9JFmeeV4vZnPczlGSfdh4Q1oxtYvSwCMjehK,lprestige5f@discovery.com
faec8cb4-97a5-4dfb-b859-db46696885da,$2b$12$pzi/9JfOndkROvBZI9JFmeeV4vZnPczlGSfdh4Q1oxtYvSwCMjehK,ccovotto5g@vinaora.com
6ccb896b-119f-4912-8adb-42cc2668a4ec,$2b$12$pzi/9JfOndkROvBZI9JFmeeV4vZnPczlGSfdh4Q1oxtYvSwCMjehK,bizkovicz5h@mapy.cz
080e2516-471c-4cff-9da3-8c6271c26b6a,$2b$12$pzi/9JfOndkROvBZI9JFmeeV4vZnPczlGSfdh4Q1oxtYvSwCMjehK,pbynert5i@yahoo.com
d616b2bb-e67f-461c-a26b-710457f0fec7,$2b$12$pzi/9JfOndkROvBZI9JFmeeV4vZnPczlGSfdh4Q1oxtYvSwCMjehK,mmillthorpe5j@theatlantic.com